estado,sigla,regiao,cidade,populacao,pib,pib_percapita
ACRE,AC,NORTE,Marechal Thaumaturgo,14275.0,109181.8671875,7648.47021484
ACRE,AC,NORTE,Senador Guiomard,19697.0,217153.859375,11024.71972656
ACRE,AC,NORTE,Assis Brasil,5662.0,48347.30078125,8538.91015625
ACRE,AC,NORTE,Epitaciolândia,14224.0,129641.09375,9114.25
ACRE,AC,NORTE,Manoel Urbano,7505.0,61478.73046875,8191.70019531
ACRE,AC,NORTE,Tarauacá,33883.0,258505.0625,7629.33984375
ACRE,AC,NORTE,Mâncio Lima,14774.0,103294.7421875,6991.66015625
ACRE,AC,NORTE,Plácido de Castro,18235.0,204410.5625,11209.79003906
ALAGOAS,AL,NORDESTE,Dois Riachos,11200.0,35078.25390625,3131.98999023
ALAGOAS,AL,NORDESTE,Belém,5083.0,19550.015625,3846.15991211
ALAGOAS,AL,NORDESTE,Santana do Mundaú,12039.0,52134.53515625,4330.47021484
ALAGOAS,AL,NORDESTE,Campo Alegre,47209.0,182361.03125,3862.84008789
ALAGOAS,AL,NORDESTE,Passo de Camaragibe,14261.0,59784.6875,4192.18017578
ALAGOAS,AL,NORDESTE,Marechal Deodoro,47623.0,620477.5,13028.95019531
ALAGOAS,AL,NORDESTE,São Miguel dos Milagres,7601.0,29789.48828125,3919.14990234
ALAGOAS,AL,NORDESTE,Olho D'Água do Casado,8517.0,27759.3671875,3259.29003906
ALAGOAS,AL,NORDESTE,Paulo Jacinto,7772.0,24402.88085938,3139.85009766
ALAGOAS,AL,NORDESTE,Pilar,32655.0,174139.0625,5332.68994141
ALAGOAS,AL,NORDESTE,Cacimbinhas,10182.0,39280.7421875,3857.86010742
ALAGOAS,AL,NORDESTE,Jacuípe,7045.0,29361.71679688,4167.74023438
ALAGOAS,AL,NORDESTE,Minador do Negrão,5292.0,22713.8515625,4292.10986328
ALAGOAS,AL,NORDESTE,Anadia,17740.0,72170.7265625,4068.25
ALAGOAS,AL,NORDESTE,Senador Rui Palmeira,13110.0,35231.92578125,2687.40991211
ALAGOAS,AL,NORDESTE,Pariconha,10539.0,32510.77148438,3084.81005859
ALAGOAS,AL,NORDESTE,Mata Grande,25309.0,70679.9765625,2792.67993164
ALAGOAS,AL,NORDESTE,Messias,15899.0,62115.51171875,3906.87988281
ALAGOAS,AL,NORDESTE,Taquarana,18848.0,67490.1875,3580.76000977
ALAGOAS,AL,NORDESTE,Teotônio Vilela,41935.0,186967.0625,4458.5
ALAGOAS,AL,NORDESTE,Canapi,18397.0,53345.25390625,2899.66992188
ALAGOAS,AL,NORDESTE,Olho D'Água Grande,4963.0,16447.203125,3313.95996094
ALAGOAS,AL,NORDESTE,Branquinha,12215.0,42036.96875,3441.41992188
ALAGOAS,AL,NORDESTE,Major Isidoro,19530.0,73942.796875,3786.11010742
ALAGOAS,AL,NORDESTE,Colônia Leopoldina,20181.0,106579.515625,5281.18017578
ALAGOAS,AL,NORDESTE,Coruripe,53369.0,463296.53125,8681.0
ALAGOAS,AL,NORDESTE,Novo Lino,12449.0,47015.875,3776.67993164
ALAGOAS,AL,NORDESTE,Água Branca,19989.0,59232.4921875,2963.25
ALAGOAS,AL,NORDESTE,Palmeira dos Índios,72564.0,358377.4375,4938.77978516
ALAGOAS,AL,NORDESTE,Batalha,16919.0,66246.3359375,3915.5
ALAGOAS,AL,NORDESTE,Ibateguara,15863.0,56599.32421875,3568.01000977
ALAGOAS,AL,NORDESTE,União dos Palmares,62727.0,400757.65625,6388.91992188
AMAZONAS,AM,NORTE,Envira,17614.0,69843.03125,3965.19995117
AMAZONAS,AM,NORTE,Nova Olinda do Norte,31012.0,108783.34375,3507.7800293
AMAZONAS,AM,NORTE,Manaus,1738641.0,40486108.0,23286.06054688
AMAZONAS,AM,NORTE,Rio Preto da Eva,26847.0,216235.546875,8054.37011719
AMAZONAS,AM,NORTE,Coari,66991.0,1103350.125,16470.11914062
AMAZONAS,AM,NORTE,Apuí,18597.0,146993.34375,7904.14013672
AMAZONAS,AM,NORTE,Urucará,15780.0,69487.6171875,4403.52001953
AMAZONAS,AM,NORTE,Autazes,31774.0,136269.859375,4288.72021484
AMAZONAS,AM,NORTE,Anamã,8673.0,41735.99609375,4812.18017578
AMAZONAS,AM,NORTE,Novo Airão,15915.0,61709.34765625,3877.42993164
AMAZONAS,AM,NORTE,Itamarati,8281.0,36895.9296875,4455.49023438
AMAZONAS,AM,NORTE,Benjamin Constant,31195.0,116750.1015625,3742.59008789
BAHIA,BA,NORDESTE,Tremedal,18433.0,57883.9921875,3140.23999023
BAHIA,BA,NORDESTE,Maetinga,7884.0,23558.44726562,2988.12988281
BAHIA,BA,NORDESTE,Ibirapuã,7893.0,74997.40625,9501.75976562
BAHIA,BA,NORDESTE,Governador Mangabeira,20668.0,92903.8203125,4495.06005859
BAHIA,BA,NORDESTE,Ibititá,19410.0,62366.88671875,3213.12988281
BAHIA,BA,NORDESTE,Sátiro Dias,18919.0,75908.4609375,4012.29003906
BAHIA,BA,NORDESTE,Irajuba,7666.0,29224.98828125,3812.29003906
BAHIA,BA,NORDESTE,Itaquara,7743.0,33105.69921875,4275.56982422
BAHIA,BA,NORDESTE,Cansanção,34093.0,112228.7734375,3291.84008789
BAHIA,BA,NORDESTE,Itaparica,20796.0,102586.6484375,4933.0
BAHIA,BA,NORDESTE,Nova Redenção,9318.0,28909.56835938,3102.55004883
BAHIA,BA,NORDESTE,Ibicuí,16464.0,69475.15625,4219.81982422
BAHIA,BA,NORDESTE,Santa Rita de Cássia,27528.0,91663.0,3329.81005859
BAHIA,BA,NORDESTE,Nordestina,12670.0,35456.31640625,2798.44995117
BAHIA,BA,NORDESTE,Coronel João Sá,18408.0,76828.921875,4173.66992188
BAHIA,BA,NORDESTE,Pedro Alexandre,17698.0,58842.01171875,3324.7800293
BAHIA,BA,NORDESTE,Prado,26016.0,285453.96875,10972.25
BAHIA,BA,NORDESTE,Iaçu,28602.0,109799.9453125,3838.88989258
BAHIA,BA,NORDESTE,Araci,54713.0,172730.890625,3157.04003906
BAHIA,BA,NORDESTE,Coribe,14895.0,63455.30859375,4260.18017578
BAHIA,BA,NORDESTE,Araças,12209.0,97321.03125,7971.25
BAHIA,BA,NORDESTE,Conceição do Almeida,17974.0,69316.4296875,3856.47998047
BAHIA,BA,NORDESTE,Baianópolis,14195.0,60239.99609375,4243.75
BAHIA,BA,NORDESTE,Cruz das Almas,57098.0,387271.40625,6782.56982422
BAHIA,BA,NORDESTE,Feira de Santana,591707.0,6358135.5,10745.41015625
BAHIA,BA,NORDESTE,Jaborandi,8895.0,161163.734375,18118.4609375
BAHIA,BA,NORDESTE,Santaluz,35416.0,129238.140625,3649.14990234
BAHIA,BA,NORDESTE,Alagoinhas,137810.0,1298216.375,9420.33984375
BAHIA,BA,NORDESTE,Itiruçu,16827.0,68143.1640625,4049.62988281
BAHIA,BA,NORDESTE,Mulungu do Morro,13879.0,39825.95703125,2869.51000977
BAHIA,BA,NORDESTE,Cabaceiras do Paraguaçu,18569.0,58247.78515625,3136.83007812
BAHIA,BA,NORDESTE,Tanque Novo,16466.0,70092.859375,4256.81982422
BAHIA,BA,NORDESTE,Planaltino,8880.0,31850.30078125,3586.75
BAHIA,BA,NORDESTE,Serrinha,73859.0,393287.0625,5324.83984375
BAHIA,BA,NORDESTE,Ipiaú,43723.0,271794.59375,6216.27978516
BAHIA,BA,NORDESTE,Conceição do Jacuípe,28769.0,404286.28125,14052.83984375
BAHIA,BA,NORDESTE,Ibirapitanga,24223.0,94739.7421875,3911.14990234
BAHIA,BA,NORDESTE,Itapetinga,66665.0,658192.25,9873.12988281
BAHIA,BA,NORDESTE,Umburanas,17096.0,48177.484375,2818.06005859
BAHIA,BA,NORDESTE,Brejões,12446.0,92945.0078125,7467.85986328
BAHIA,BA,NORDESTE,Coaraci,22274.0,88990.53125,3995.26000977
BAHIA,BA,NORDESTE,Marcionílio Souza,11061.0,41508.33203125,3752.66992188
BAHIA,BA,NORDESTE,Queimadas,28729.0,95227.765625,3314.68994141
BAHIA,BA,NORDESTE,Itabela,26704.0,201399.09375,7541.91015625
BAHIA,BA,NORDESTE,Salvador,2998056.0,32824228.0,10948.5
BAHIA,BA,NORDESTE,Jussiape,8043.0,28544.64453125,3549.0
BAHIA,BA,NORDESTE,Lençóis,10112.0,52895.79296875,5230.99023438
BAHIA,BA,NORDESTE,Aramari,9911.0,36618.66796875,3694.75
BAHIA,BA,NORDESTE,Ilhéus,219266.0,1925639.875,8782.20996094
BAHIA,BA,NORDESTE,Antônio Gonçalves,11240.0,33189.3984375,2952.79003906
BAHIA,BA,NORDESTE,Abaíra,8821.0,29147.60742188,3304.34008789
BAHIA,BA,NORDESTE,Souto Soares,19407.0,53800.0703125,2772.19995117
BAHIA,BA,NORDESTE,Barro Alto,14172.0,41433.265625,2923.60009766
BAHIA,BA,NORDESTE,Ibipitanga,14408.0,43890.1875,3046.23999023
BAHIA,BA,NORDESTE,Canudos,15366.0,53531.296875,3483.75
BAHIA,BA,NORDESTE,João Dourado,21990.0,97669.578125,4441.54980469
BAHIA,BA,NORDESTE,Cristópolis,14279.0,47487.671875,3325.69995117
BAHIA,BA,NORDESTE,Ribeira do Pombal,49263.0,244964.375,4972.58007812
BAHIA,BA,NORDESTE,Retirolândia,11798.0,54673.390625,4634.12011719
BAHIA,BA,NORDESTE,Caldeirão Grande,13922.0,43519.43359375,3125.94995117
BAHIA,BA,NORDESTE,Santana,27259.0,116221.203125,4263.58984375
BAHIA,BA,NORDESTE,Santo Amaro,58387.0,307409.65625,5265.04003906
BAHIA,BA,NORDESTE,Irará,25811.0,126903.78125,4916.64990234
BAHIA,BA,NORDESTE,Ibirataia,24544.0,104637.359375,4263.25976562
BAHIA,BA,NORDESTE,Xique-Xique,47470.0,183536.203125,3866.36010742
BAHIA,BA,NORDESTE,Rio de Contas,13816.0,55162.2109375,3992.62988281
BAHIA,BA,NORDESTE,Camacan,31113.0,147744.5625,4748.64013672
BAHIA,BA,NORDESTE,Nova Soure,26874.0,79305.59375,2951.02001953
BAHIA,BA,NORDESTE,Canápolis,11136.0,32292.515625,2899.83007812
BAHIA,BA,NORDESTE,Saubara,11632.0,58806.34765625,5055.56982422
BAHIA,BA,NORDESTE,Contendas do Sincorá,3886.0,18747.91796875,4824.47998047
BAHIA,BA,NORDESTE,Morpará,8871.0,34771.55859375,3919.68994141
BAHIA,BA,NORDESTE,Pau Brasil,12342.0,41465.12109375,3359.67993164
BAHIA,BA,NORDESTE,São Desidério,27513.0,981035.875,35657.1796875
BAHIA,BA,NORDESTE,Aurelino Leal,14280.0,57520.3515625,4028.04003906
BAHIA,BA,NORDESTE,Conde,23166.0,88530.46875,3821.57006836
BAHIA,BA,NORDESTE,Belmonte,22553.0,136881.390625,6069.31982422
BAHIA,BA,NORDESTE,Pojuca,32225.0,688526.25,21366.2109375
BAHIA,BA,NORDESTE,Banzaê,11157.0,36750.9375,3293.97998047
BAHIA,BA,NORDESTE,Ituberá,24169.0,132642.828125,5488.14013672
BAHIA,BA,NORDESTE,Eunápolis,99553.0,1228962.0,12344.79980469
BAHIA,BA,NORDESTE,Manoel Vitorino,14138.0,49992.703125,3536.05004883
BAHIA,BA,NORDESTE,Santo Estêvão,46855.0,264766.96875,5650.77001953
BAHIA,BA,NORDESTE,Novo Horizonte,11092.0,37422.05078125,3373.79003906
BAHIA,BA,NORDESTE,Dom Macedo Costa,3951.0,16689.80078125,4224.20019531
BAHIA,BA,NORDESTE,Ponto Novo,14734.0,59006.53125,4004.79003906
BAHIA,BA,NORDESTE,Botuporã,11048.0,37949.63671875,3434.97998047
BAHIA,BA,NORDESTE,Santa Maria da Vitória,41758.0,183714.421875,4399.5
BAHIA,BA,NORDESTE,Paripiranga,29727.0,130894.5703125,4403.22021484
BAHIA,BA,NORDESTE,Capela do Alto Alegre,12824.0,39229.1484375,3059.04003906
BAHIA,BA,NORDESTE,Jandaíra,10018.0,47592.953125,4750.74023438
BAHIA,BA,NORDESTE,Piatã,18470.0,61809.6015625,3346.48999023
BAHIA,BA,NORDESTE,Aratuípe,8822.0,31970.6171875,3623.95996094
BAHIA,BA,NORDESTE,Antônio Cardoso,12589.0,52209.5390625,4147.22998047
BAHIA,BA,NORDESTE,Coração de Maria,23774.0,98000.1328125,4122.16015625
BAHIA,BA,NORDESTE,Itajuípe,20490.0,114653.1328125,5595.56982422
BAHIA,BA,NORDESTE,Serra Dourada,17858.0,73857.125,4135.79980469
BAHIA,BA,NORDESTE,Conceição da Feira,20117.0,91810.5546875,4563.83007812
BAHIA,BA,NORDESTE,Rio do Pires,11612.0,36504.28125,3143.66992188
BAHIA,BA,NORDESTE,Antas,17583.0,54676.39453125,3109.62011719
BAHIA,BA,NORDESTE,Buerarema,20830.0,100712.015625,4834.95019531
BAHIA,BA,NORDESTE,Boquira,22521.0,67164.5625,2982.31005859
BAHIA,BA,NORDESTE,Palmas de Monte Alto,22061.0,77169.4921875,3498.01000977
BAHIA,BA,NORDESTE,Santa Brígida,15652.0,52940.23828125,3382.33007812
BAHIA,BA,NORDESTE,Itapebi,12003.0,170321.296875,14189.88964844
BAHIA,BA,NORDESTE,Rafael Jambeiro,24004.0,96287.0234375,4011.29003906
BAHIA,BA,NORDESTE,Boninal,13857.0,40729.69921875,2939.29003906
BAHIA,BA,NORDESTE,Malhada,16739.0,65119.53125,3890.29003906
BAHIA,BA,NORDESTE,Nova Canaã,20311.0,66926.8984375,3295.11010742
BAHIA,BA,NORDESTE,Utinga,20448.0,83166.9765625,4067.23999023
BAHIA,BA,NORDESTE,Uibaí,14203.0,45636.62109375,3213.16992188
BAHIA,BA,NORDESTE,Potiraguá,9656.0,42641.50390625,4416.06005859
BAHIA,BA,NORDESTE,Encruzilhada,20720.0,109143.96875,5267.56982422
BAHIA,BA,NORDESTE,Tapiramutá,17879.0,73053.015625,4085.9699707
BAHIA,BA,NORDESTE,Vereda,7346.0,48446.7578125,6594.97998047
BAHIA,BA,NORDESTE,Barro Preto,6417.0,27834.43945312,4337.60986328
ESPIRITO SANTO,ES,SUDESTE,Vitória,320156.0,19782628.0,61790.58984375
ESPIRITO SANTO,ES,SUDESTE,Serra,404688.0,11531826.0,28495.59960938
ESPIRITO SANTO,ES,SUDESTE,Pancas,18497.0,123706.6484375,6687.93017578
ESPIRITO SANTO,ES,SUDESTE,Alto Rio Novo,6172.0,47128.93359375,7635.93017578
ESPIRITO SANTO,ES,SUDESTE,Vargem Alta,18637.0,174520.09375,9364.16992188
ESPIRITO SANTO,ES,SUDESTE,João Neiva,14621.0,162151.4375,11090.30957031
ESPIRITO SANTO,ES,SUDESTE,Guarapari,104534.0,924333.0625,8842.41992188
ESPIRITO SANTO,ES,SUDESTE,Ibitirama,9238.0,62844.390625,6802.81005859
ESPIRITO SANTO,ES,SUDESTE,Atilio Vivacqua,9361.0,98105.6171875,10480.25
ESPIRITO SANTO,ES,SUDESTE,Divino de São Lourenço,5011.0,34397.96875,6864.49023438
ESPIRITO SANTO,ES,SUDESTE,Linhares,132664.0,2314608.25,17447.15039062
ESPIRITO SANTO,ES,SUDESTE,São Domingos do Norte,8205.0,88457.796875,10780.95996094
ESPIRITO SANTO,ES,SUDESTE,Águia Branca,9503.0,94435.375,9937.4296875
ESPIRITO SANTO,ES,SUDESTE,Marilândia,10676.0,102197.3515625,9572.62988281
ESPIRITO SANTO,ES,SUDESTE,Jaguaré,23472.0,330817.40625,14094.12988281
ESPIRITO SANTO,ES,SUDESTE,Água Doce do Norte,12091.0,90734.359375,7504.29003906
ESPIRITO SANTO,ES,SUDESTE,Pinheiros,23874.0,390701.78125,16365.16015625
ESPIRITO SANTO,ES,SUDESTE,Venda Nova do Imigrante,20028.0,232603.6875,11613.91992188
ESPIRITO SANTO,ES,SUDESTE,Itarana,10667.0,87713.796875,8222.91015625
ESPIRITO SANTO,ES,SUDESTE,Colatina,111365.0,1724502.25,15485.13964844
ESPIRITO SANTO,ES,SUDESTE,São Mateus,101613.0,956261.75,9410.8203125
ESPIRITO SANTO,ES,SUDESTE,Aracruz,78658.0,1975875.25,25119.8203125
ESPIRITO SANTO,ES,SUDESTE,Laranja da Terra,11136.0,69701.8984375,6259.14990234
MATO GROSSO,MT,CENTRO-OESTE,Novo Horizonte do Norte,3970.0,32778.5078125,8256.54980469
MATO GROSSO,MT,CENTRO-OESTE,Nova Santa Helena,3473.0,49004.0,14109.99023438
MATO GROSSO,MT,CENTRO-OESTE,Nova Guarita,4907.0,45700.81640625,9313.38964844
MATO GROSSO,MT,CENTRO-OESTE,Tapurah,11517.0,321427.21875,27908.93945312
MATO GROSSO,MT,CENTRO-OESTE,Sapezal,15735.0,1418892.125,90174.2734375
MATO GROSSO,MT,CENTRO-OESTE,Planalto da Serra,2797.0,33849.7578125,12102.16992188
MATO GROSSO,MT,CENTRO-OESTE,Gaúcha do Norte,6195.0,132122.640625,21327.30078125
MATO GROSSO,MT,CENTRO-OESTE,São Pedro da Cipa,4241.0,27307.92578125,6439.02978516
MATO GROSSO,MT,CENTRO-OESTE,Cocalinho,6103.0,93218.71875,15274.24023438
MATO GROSSO,MT,CENTRO-OESTE,Pontes e Lacerda,39228.0,523958.28125,13356.74023438
MATO GROSSO,MT,CENTRO-OESTE,General Carneiro,5028.0,98700.0546875,19630.08007812
MATO GROSSO,MT,CENTRO-OESTE,Santa Carmem,4573.0,182842.890625,39983.140625
MATO GROSSO,MT,CENTRO-OESTE,Mirassol D'Oeste,25605.0,301727.3125,11783.91992188
MATO GROSSO,MT,CENTRO-OESTE,Canabrava do Norte,5563.0,61282.00390625,11016.0
MATO GROSSO,MT,CENTRO-OESTE,Araputanga,16090.0,230694.578125,14337.75976562
MATO GROSSO,MT,CENTRO-OESTE,Campo Novo do Parecis,23784.0,1389985.25,58442.03125
MATO GROSSO,MT,CENTRO-OESTE,Nova Monte Verde,8602.0,168346.625,19570.640625
MATO GROSSO,MT,CENTRO-OESTE,Cotriguaçu,14965.0,135221.484375,9035.84960938
MATO GROSSO,MT,CENTRO-OESTE,Paranaíta,12113.0,139865.96875,11546.76953125
MATO GROSSO,MT,CENTRO-OESTE,Ipiranga do Norte,4641.0,343376.0,73987.5078125
MATO GROSSO,MT,CENTRO-OESTE,Lucas do Rio Verde,33556.0,1809788.125,53933.37109375
MATO GROSSO,MT,CENTRO-OESTE,Nova Olímpia,20944.0,231758.859375,11065.63964844
MATO GROSSO,MT,CENTRO-OESTE,Vera,9502.0,234282.15625,24656.08984375
MATO GROSSO,MT,CENTRO-OESTE,Nobres,15315.0,218158.0625,14244.73046875
MATO GROSSO,MT,CENTRO-OESTE,Campo Verde,28147.0,1152314.875,40939.171875
MATO GROSSO,MT,CENTRO-OESTE,Araguaiana,2996.0,51094.03125,17054.08007812
MATO GROSSO,MT,CENTRO-OESTE,Cuiabá,550562.0,9816819.0,17830.5390625
MATO GROSSO,MT,CENTRO-OESTE,Juara,33246.0,638522.3125,19205.99023438
MATO GROSSO,MT,CENTRO-OESTE,Tabaporã,10760.0,192724.125,17911.16015625
MATO GROSSO,MT,CENTRO-OESTE,Cláudia,11148.0,168539.03125,15118.3203125
MATO GROSSO,MT,CENTRO-OESTE,Querência,11570.0,509606.8125,44045.53125
MATO GROSSO,MT,CENTRO-OESTE,Torixoréu,4113.0,56733.08984375,13793.59960938
MATO GROSSO,MT,CENTRO-OESTE,São José do Xingu,4218.0,95578.59375,22659.69921875
MATO GROSSO,MT,CENTRO-OESTE,Ribeirão Cascalheira,9172.0,102114.3125,11133.26953125
MATO GROSSO,MT,CENTRO-OESTE,Pedra Preta,16461.0,370495.65625,22507.48046875
MATO GROSSO,MT,CENTRO-OESTE,Poconé,32162.0,283639.59375,8819.08984375
MATO GROSSO,MT,CENTRO-OESTE,Nova Mutum,26874.0,1200944.375,44687.9609375
MATO GROSSO,MT,CENTRO-OESTE,Nova Bandeirantes,14078.0,192547.828125,13677.20996094
MATO GROSSO DO SUL,MS,CENTRO-OESTE,Corumbá,99467.0,2715506.75,27300.58007812
MATO GROSSO DO SUL,MS,CENTRO-OESTE,Anastácio,23047.0,202939.390625,8805.45996094
MATO GROSSO DO SUL,MS,CENTRO-OESTE,Sonora,13334.0,258011.5625,19349.90039062
MATO GROSSO DO SUL,MS,CENTRO-OESTE,Alcinópolis,4515.0,92977.2265625,20592.9609375
MATO GROSSO DO SUL,MS,CENTRO-OESTE,Angélica,7465.0,133023.96875,17819.68945312
MATO GROSSO DO SUL,MS,CENTRO-OESTE,Camapuã,13532.0,231829.265625,17131.9296875
MATO GROSSO DO SUL,MS,CENTRO-OESTE,Caracol,5320.0,74384.765625,13982.09960938
MATO GROSSO DO SUL,MS,CENTRO-OESTE,Aparecida do Taboado,20623.0,349331.9375,16938.94921875
MATO GROSSO DO SUL,MS,CENTRO-OESTE,Ponta Porã,75941.0,821485.875,10817.41992188
MATO GROSSO DO SUL,MS,CENTRO-OESTE,Amambai,34986.0,355782.875,10169.29003906
MATO GROSSO DO SUL,MS,CENTRO-OESTE,Sidrolândia,41261.0,568997.6875,13790.20996094
MATO GROSSO DO SUL,MS,CENTRO-OESTE,Bela Vista,23726.0,224436.546875,9459.51953125
MATO GROSSO DO SUL,MS,CENTRO-OESTE,Anaurilândia,8697.0,106112.8203125,12201.08007812
MATO GROSSO DO SUL,MS,CENTRO-OESTE,Jardim,24174.0,217905.640625,9014.04980469
MATO GROSSO DO SUL,MS,CENTRO-OESTE,Porto Murtinho,15527.0,227898.8125,14677.58007812
MATO GROSSO DO SUL,MS,CENTRO-OESTE,Ivinhema,21067.0,215205.796875,10215.29980469
MATO GROSSO DO SUL,MS,CENTRO-OESTE,Coxim,32933.0,407916.5,12386.25
MATO GROSSO DO SUL,MS,CENTRO-OESTE,Figueirão,3443.0,53627.80859375,15575.90039062
MATO GROSSO DO SUL,MS,CENTRO-OESTE,Ribas do Rio Pardo,20077.0,407836.15625,20313.59960938
MATO GROSSO DO SUL,MS,CENTRO-OESTE,Campo Grande,755107.0,11645484.0,15422.29980469
PERNAMBUCO,PE,NORDESTE,Cachoeirinha,18123.0,80433.8046875,4438.22021484
PERNAMBUCO,PE,NORDESTE,Fernando de Noronha,3108.0,26980.71484375,8681.04980469
PERNAMBUCO,PE,NORDESTE,Alagoinha,14913.0,57886.21484375,3881.59008789
PERNAMBUCO,PE,NORDESTE,Barra de Guabiraba,13623.0,46595.87109375,3420.37988281
PERNAMBUCO,PE,NORDESTE,Palmares,58819.0,387086.59375,6580.97998047
PERNAMBUCO,PE,NORDESTE,Cabrobó,30432.0,188859.3125,6205.95019531
PERNAMBUCO,PE,NORDESTE,Angelim,10385.0,41266.19140625,3973.62988281
PERNAMBUCO,PE,NORDESTE,Santa Maria do Cambucá,12942.0,48165.3125,3721.62988281
PERNAMBUCO,PE,NORDESTE,Lagoa do Ouro,12244.0,48624.8359375,3971.32006836
PERNAMBUCO,PE,NORDESTE,Joaquim Nabuco,16498.0,96163.34375,5828.79003906
PERNAMBUCO,PE,NORDESTE,Santa Cruz,14782.0,53805.15234375,3639.90991211
PERNAMBUCO,PE,NORDESTE,Petrolina,281851.0,2283346.25,8101.25
PERNAMBUCO,PE,NORDESTE,Bezerros,58354.0,285545.96875,4893.33984375
PERNAMBUCO,PE,NORDESTE,Limoeiro,57243.0,269157.125,4702.00976562
PERNAMBUCO,PE,NORDESTE,Goiana,74424.0,634199.5625,8521.44042969
PERNAMBUCO,PE,NORDESTE,Iguaraci,12397.0,45478.7890625,3668.5300293
PERNAMBUCO,PE,NORDESTE,Tacaratu,22231.0,70767.1484375,3183.26000977
PERNAMBUCO,PE,NORDESTE,Água Preta,30792.0,127078.7265625,4127.0
PERNAMBUCO,PE,NORDESTE,Venturosa,16706.0,79114.109375,4735.66992188
PERNAMBUCO,PE,NORDESTE,Lagoa do Itaenga,20618.0,163927.328125,7950.68994141
PERNAMBUCO,PE,NORDESTE,Cupira,22783.0,92327.234375,4052.45996094
PERNAMBUCO,PE,NORDESTE,Tuparetama,8678.0,36445.796875,4199.79003906
PERNAMBUCO,PE,NORDESTE,Camaragibe,143210.0,618538.0625,4319.10009766
PERNAMBUCO,PE,NORDESTE,Araripina,79877.0,342256.96875,4284.79980469
PERNAMBUCO,PE,NORDESTE,Águas Belas,39672.0,151340.671875,3814.80004883
PERNAMBUCO,PE,NORDESTE,Tamandaré,18999.0,112841.03125,5939.31005859
PERNAMBUCO,PE,NORDESTE,Santa Maria da Boa Vista,41745.0,234438.703125,5615.97021484
PERNAMBUCO,PE,NORDESTE,Paulista,319373.0,1839665.75,5760.24023438
PERNAMBUCO,PE,NORDESTE,Capoeiras,19936.0,82538.9375,4140.20019531
PERNAMBUCO,PE,NORDESTE,São José do Belmonte,34118.0,121956.0546875,3574.54003906
PERNAMBUCO,PE,NORDESTE,Belo Jardim,74028.0,698774.375,9439.33007812
PERNAMBUCO,PE,NORDESTE,Sairé,14194.0,61301.90234375,4318.85986328
PERNAMBUCO,PE,NORDESTE,Nazaré da Mata,30185.0,189960.03125,6293.18994141
PERNAMBUCO,PE,NORDESTE,Bom Jardim,40924.0,155675.359375,3804.01000977
PERNAMBUCO,PE,NORDESTE,Correntes,16686.0,69621.140625,4172.43017578
PERNAMBUCO,PE,NORDESTE,Granito,6955.0,31242.37304688,4492.06982422
PERNAMBUCO,PE,NORDESTE,Salgadinho,8214.0,26129.82421875,3181.12988281
PERNAMBUCO,PE,NORDESTE,Tacaimbó,12273.0,50004.21484375,4074.33007812
PERNAMBUCO,PE,NORDESTE,Jatobá,14452.0,54845.26953125,3795.0
PERNAMBUCO,PE,NORDESTE,Vertente do Lério,7464.0,36315.22265625,4865.37988281
PERNAMBUCO,PE,NORDESTE,Glória do Goitá,28289.0,100163.0703125,3540.70996094
PERNAMBUCO,PE,NORDESTE,Flores,23034.0,78994.1953125,3429.45996094
RIO DE JANEIRO,RJ,SUDESTE,Itaguaí,105633.0,3008327.25,28479.05078125
RIO DE JANEIRO,RJ,SUDESTE,Três Rios,76075.0,1304643.375,17149.43945312
RIO DE JANEIRO,RJ,SUDESTE,Varre-Sai,8852.0,88212.8359375,9965.29980469
RIO DE JANEIRO,RJ,SUDESTE,Cardoso Moreira,12481.0,203775.765625,16326.87988281
RIO DE JANEIRO,RJ,SUDESTE,Queimados,139378.0,1224457.75,8785.16015625
RIO DE JANEIRO,RJ,SUDESTE,São Sebastião do Alto,9052.0,83303.6875,9202.79003906
RIO DE JANEIRO,RJ,SUDESTE,Cantagalo,20540.0,622857.5,30324.11914062
RIO DE JANEIRO,RJ,SUDESTE,Nilópolis,159408.0,1503782.75,9433.54980469
RIO DE JANEIRO,RJ,SUDESTE,Petrópolis,315119.0,5831205.0,18504.76953125
RIO DE JANEIRO,RJ,SUDESTE,São Fidélis,39256.0,381657.59375,9722.26953125
RIO DE JANEIRO,RJ,SUDESTE,Areal,11982.0,196890.15625,16432.16015625
RIO DE JANEIRO,RJ,SUDESTE,Natividade,15406.0,187612.1875,12177.87011719
RIO DE JANEIRO,RJ,SUDESTE,São João de Meriti,469827.0,4000292.25,8514.38964844
RIO DE JANEIRO,RJ,SUDESTE,Comendador Levy Gasparian,8839.0,150088.640625,16980.26953125
RIO DE JANEIRO,RJ,SUDESTE,Sumidouro,15313.0,206854.375,13508.41992188
RIO DE JANEIRO,RJ,SUDESTE,Laje do Muriaé,7997.0,75228.75,9407.12011719
RIO DE JANEIRO,RJ,SUDESTE,Rio de Janeiro,6186710.0,175739344.0,28405.94921875
RIO DE JANEIRO,RJ,SUDESTE,Seropédica,78819.0,675776.875,8573.78027344
RIO DE JANEIRO,RJ,SUDESTE,Armação dos Búzios,28653.0,930198.0,32464.25
RIO GRANDE DO NORTE,RN,NORDESTE,Rafael Godeiro,3251.0,14798.20410156,4551.89013672
RIO GRANDE DO NORTE,RN,NORDESTE,Taipu,12165.0,68109.515625,5598.81005859
RIO GRANDE DO NORTE,RN,NORDESTE,Pedra Preta,2718.0,12639.96777344,4650.47021484
RIO GRANDE DO NORTE,RN,NORDESTE,Caiçara do Norte,6652.0,31648.85742188,4757.79980469
RIO GRANDE DO NORTE,RN,NORDESTE,Viçosa,1856.0,8834.24511719,4759.83007812
RIO GRANDE DO NORTE,RN,NORDESTE,Fernando Pedroza,2994.0,12757.65820312,4261.06982422
RIO GRANDE DO NORTE,RN,NORDESTE,Messias Targino,3923.0,21696.81640625,5530.66992188
RIO GRANDE DO NORTE,RN,NORDESTE,Riacho da Cruz,3165.0,13750.82910156,4344.64990234
RIO GRANDE DO NORTE,RN,NORDESTE,Tenente Laurentino Cruz,5369.0,25890.28125,4822.18017578
RIO GRANDE DO NORTE,RN,NORDESTE,São José de Mipibu,38404.0,224160.21875,5836.89990234
RIO GRANDE DO NORTE,RN,NORDESTE,Ruy Barbosa,3730.0,17067.80664062,4575.81982422
RIO GRANDE DO NORTE,RN,NORDESTE,Senador Georgino Avelino,3854.0,20890.93164062,5420.58007812
RIO GRANDE DO NORTE,RN,NORDESTE,Baía Formosa,8811.0,154971.21875,17588.38085938
RIO GRANDE DO NORTE,RN,NORDESTE,Bodó,2592.0,16126.94140625,6221.81005859
RIO GRANDE DO NORTE,RN,NORDESTE,Marcelino Vieira,8331.0,36583.6171875,4391.25976562
RIO GRANDE DO NORTE,RN,NORDESTE,Lagoa D'Anta,6164.0,28359.14257812,4600.77001953
RIO GRANDE DO NORTE,RN,NORDESTE,José da Penha,6177.0,27978.04296875,4529.39013672
RIO GRANDE DO NORTE,RN,NORDESTE,Areia Branca,25394.0,352249.375,13871.36035156
RIO GRANDE DO NORTE,RN,NORDESTE,Pendências,13034.0,104648.15625,8028.85986328
RIO GRANDE DO NORTE,RN,NORDESTE,Lagoa Salgada,7449.0,31882.97070312,4280.16992188
RIO GRANDE DO NORTE,RN,NORDESTE,Carnaubais,9712.0,54461.640625,5607.66015625
RIO GRANDE DO NORTE,RN,NORDESTE,Janduís,5562.0,25795.89648438,4637.87988281
RIO GRANDE DO NORTE,RN,NORDESTE,Monte Alegre,21448.0,93939.8125,4379.89013672
RIO GRANDE DO NORTE,RN,NORDESTE,Upanema,13334.0,81584.1875,6118.50976562
RIO GRANDE DO NORTE,RN,NORDESTE,Itajá,6629.0,34752.63671875,5242.52001953
RIO GRANDE DO NORTE,RN,NORDESTE,São Vicente,6023.0,25894.69335938,4299.29980469
RIO GRANDE DO NORTE,RN,NORDESTE,Água Nova,2952.0,13867.89453125,4697.79980469
RIO GRANDE DO NORTE,RN,NORDESTE,Apodi,35768.0,263993.9375,7380.72998047
RIO GRANDE DO NORTE,RN,NORDESTE,Macau,28157.0,351046.15625,12467.45996094
RIO GRANDE DO NORTE,RN,NORDESTE,Governador Dix-Sept Rosado,12835.0,99473.234375,7750.14990234
RIO GRANDE DO NORTE,RN,NORDESTE,Vila Flor,2745.0,15206.66503906,5539.77001953
RIO GRANDE DO NORTE,RN,NORDESTE,Patu,11671.0,48704.7890625,4173.14990234
RIO GRANDE DO NORTE,RN,NORDESTE,Serra do Mel,9627.0,63727.42578125,6619.66015625
RIO GRANDE DO NORTE,RN,NORDESTE,Baraúna,24347.0,130860.6796875,5374.81982422
RIO GRANDE DO NORTE,RN,NORDESTE,Jardim de Piranhas,14347.0,75420.5234375,5256.87988281
RIO GRANDE DO NORTE,RN,NORDESTE,Serra Negra do Norte,7428.0,34102.24609375,4591.04003906
RIO GRANDE DO NORTE,RN,NORDESTE,Santa Cruz,35095.0,158790.6875,4524.60009766
RIO GRANDE DO NORTE,RN,NORDESTE,Venha-Ver,3612.0,16099.59863281,4457.25
RIO GRANDE DO NORTE,RN,NORDESTE,Ceará-Mirim,67869.0,350788.21875,5168.60986328
RIO GRANDE DO NORTE,RN,NORDESTE,Brejinho,11585.0,57726.13671875,4982.83007812
RIO GRANDE DO NORTE,RN,NORDESTE,João Câmara,31518.0,146441.625,4646.29003906
RIO GRANDE DO NORTE,RN,NORDESTE,São Paulo do Potengi,15017.0,87246.09375,5809.81982422
RIO GRANDE DO NORTE,RN,NORDESTE,Paraná,4039.0,16883.234375,4180.04980469
RIO GRANDE DO NORTE,RN,NORDESTE,São Francisco do Oeste,3807.0,19215.29296875,5047.35986328
RIO GRANDE DO SUL,RS,SUL,Turuçu,4000.0,45723.875,11430.96972656
RIO GRANDE DO SUL,RS,SUL,Frederico Westphalen,28428.0,490769.53125,17263.59960938
RIO GRANDE DO SUL,RS,SUL,Paulo Bento,2149.0,37882.76953125,17628.08984375
RIO GRANDE DO SUL,RS,SUL,Cacequi,13578.0,174171.703125,12827.49023438
RIO GRANDE DO SUL,RS,SUL,Engenho Velho,1467.0,24098.88671875,16427.33007812
RIO GRANDE DO SUL,RS,SUL,Arvorezinha,10548.0,120895.8828125,11461.5
RIO GRANDE DO SUL,RS,SUL,Palmeira das Missões,34225.0,597852.75,17468.30078125
RIO GRANDE DO SUL,RS,SUL,Monte Belo do Sul,2826.0,58234.10546875,20606.55078125
RIO GRANDE DO SUL,RS,SUL,São Jerônimo,21289.0,281260.28125,13211.53027344
RIO GRANDE DO SUL,RS,SUL,Erval Grande,5367.0,53334.69921875,9937.53027344
RIO GRANDE DO SUL,RS,SUL,Chuí,5496.0,140923.671875,25641.13085938
RIO GRANDE DO SUL,RS,SUL,Sarandi,21828.0,389289.53125,17834.41015625
RIO GRANDE DO SUL,RS,SUL,Casca,8654.0,201810.28125,23319.88085938
RIO GRANDE DO SUL,RS,SUL,Protásio Alves,2188.0,30150.00390625,13779.70996094
RIO GRANDE DO SUL,RS,SUL,Cacique Doble,5008.0,52123.5,10408.04980469
RIO GRANDE DO SUL,RS,SUL,Porto Xavier,11131.0,142891.265625,12837.24023438
RIO GRANDE DO SUL,RS,SUL,Jari,3802.0,88814.828125,23360.02929688
RIO GRANDE DO SUL,RS,SUL,Caiçara,5240.0,60827.06640625,11608.21972656
RIO GRANDE DO SUL,RS,SUL,Ibiraiaras,7319.0,136556.0625,18657.75
RIO GRANDE DO SUL,RS,SUL,Westfalia,2843.0,67336.796875,23685.11914062
RIO GRANDE DO SUL,RS,SUL,Alecrim,7259.0,68632.7734375,9454.84960938
RIO GRANDE DO SUL,RS,SUL,Anta Gorda,6326.0,92337.53125,14596.50976562
RIO GRANDE DO SUL,RS,SUL,Campo Bom,59366.0,1244125.625,20956.86914062
RIO GRANDE DO SUL,RS,SUL,Coronel Bicaco,7971.0,115668.953125,14511.21972656
RIO GRANDE DO SUL,RS,SUL,São Francisco de Assis,19799.0,209910.53125,10602.08007812
RIO GRANDE DO SUL,RS,SUL,Ajuricaba,7374.0,129304.8671875,17535.24023438
RIO GRANDE DO SUL,RS,SUL,Boa Vista das Missões,2100.0,54992.50390625,26186.91015625
RIO GRANDE DO SUL,RS,SUL,Carlos Gomes,1718.0,20166.66992188,11738.45996094
RIO GRANDE DO SUL,RS,SUL,Cerro Branco,4673.0,54877.2421875,11743.46972656
RIO GRANDE DO SUL,RS,SUL,Garruchos,3509.0,218234.140625,62192.69140625
RIO GRANDE DO SUL,RS,SUL,São Vendelino,1891.0,28861.82617188,15262.73046875
RIO GRANDE DO SUL,RS,SUL,Capão do Leão,24458.0,318006.34375,13002.13964844
RIO GRANDE DO SUL,RS,SUL,Vale do Sol,11273.0,167418.703125,14851.29980469
RIO GRANDE DO SUL,RS,SUL,Três Cachoeiras,11022.0,87440.0546875,7933.22998047
RIO GRANDE DO SUL,RS,SUL,Tunas,4551.0,48574.01953125,10673.25976562
RIO GRANDE DO SUL,RS,SUL,Lajeado do Bugre,2647.0,23565.09570312,8902.5703125
RIO GRANDE DO SUL,RS,SUL,Harmonia,3785.0,73449.2734375,19405.359375
RIO GRANDE DO SUL,RS,SUL,Mariano Moro,2304.0,23514.30859375,10205.86035156
RIO GRANDE DO SUL,RS,SUL,Sentinela do Sul,5598.0,71049.21875,12691.88964844
RIO GRANDE DO SUL,RS,SUL,Sertão Santana,6155.0,94106.140625,15289.37988281
RIO GRANDE DO SUL,RS,SUL,Butiá,20213.0,198340.671875,9812.53027344
RIO GRANDE DO SUL,RS,SUL,Cidreira,11885.0,118177.3046875,9943.40039062
RIO GRANDE DO SUL,RS,SUL,Planalto,10734.0,93892.3671875,8747.19042969
RIO GRANDE DO SUL,RS,SUL,Capitão,2694.0,31977.71875,11869.98046875
RIO GRANDE DO SUL,RS,SUL,Veranópolis,26121.0,639887.625,24497.06054688
RIO GRANDE DO SUL,RS,SUL,Eugênio de Castro,3083.0,79817.078125,25889.41992188
RIO GRANDE DO SUL,RS,SUL,Portão,30802.0,609619.625,19791.56054688
RIO GRANDE DO SUL,RS,SUL,Água Santa,3619.0,79701.8515625,22023.16992188
RIO GRANDE DO SUL,RS,SUL,Formigueiro,7214.0,95122.9375,13185.87988281
RIO GRANDE DO SUL,RS,SUL,Putinga,4242.0,65779.6953125,15506.75976562
RIO GRANDE DO SUL,RS,SUL,Nova Palma,6693.0,130462.4375,19492.36914062
RIO GRANDE DO SUL,RS,SUL,Capela de Santana,11617.0,89798.734375,7729.93994141
RIO GRANDE DO SUL,RS,SUL,Restinga Seca,15885.0,227745.25,14337.12988281
RIO GRANDE DO SUL,RS,SUL,Itati,2720.0,17316.42773438,6366.33007812
RIO GRANDE DO SUL,RS,SUL,Rio dos Índios,4192.0,41633.12109375,9931.5703125
RIO GRANDE DO SUL,RS,SUL,Bagé,115745.0,1165896.5,10072.98046875
RIO GRANDE DO SUL,RS,SUL,Erval Seco,8196.0,92426.96875,11277.08007812
RIO GRANDE DO SUL,RS,SUL,Catuípe,9611.0,153886.890625,16011.54003906
RIO GRANDE DO SUL,RS,SUL,Palmares do Sul,11998.0,176851.203125,14740.05957031
RIO GRANDE DO SUL,RS,SUL,Lagoa Vermelha,28236.0,408302.03125,14460.33984375
RIO GRANDE DO SUL,RS,SUL,São Paulo das Missões,6767.0,76172.8046875,11256.50976562
RIO GRANDE DO SUL,RS,SUL,Colinas,2470.0,28712.453125,11624.46972656
RIO GRANDE DO SUL,RS,SUL,Sério,2387.0,26267.9765625,11004.59960938
RIO GRANDE DO SUL,RS,SUL,Triunfo,25374.0,5378394.5,211964.796875
RIO GRANDE DO SUL,RS,SUL,Panambi,38794.0,782521.625,20171.19921875
RIO GRANDE DO SUL,RS,SUL,Coronel Barros,2522.0,42935.8203125,17024.50976562
RIO GRANDE DO SUL,RS,SUL,Maratá,2542.0,41028.81640625,16140.37011719
RIO GRANDE DO SUL,RS,SUL,Itatiba do Sul,4521.0,41907.8359375,9269.58984375
RIO GRANDE DO SUL,RS,SUL,Eldorado do Sul,33668.0,651200.6875,19341.83007812
RIO GRANDE DO SUL,RS,SUL,São José do Herval,2549.0,23923.03320312,9385.25976562
RIO GRANDE DO SUL,RS,SUL,Redentora,10170.0,69031.109375,6787.72021484
RIO GRANDE DO SUL,RS,SUL,Três de Maio,23893.0,417949.59375,17492.55078125
RIO GRANDE DO SUL,RS,SUL,Colorado,3771.0,92533.3671875,24538.15039062
RIO GRANDE DO SUL,RS,SUL,Nova Petrópolis,18631.0,343135.90625,18417.47070312
RIO GRANDE DO SUL,RS,SUL,Viamão,260740.0,1838203.875,7049.95019531
RIO GRANDE DO SUL,RS,SUL,Novo Barreiro,3989.0,42512.2578125,10657.37011719
RIO GRANDE DO SUL,RS,SUL,Pinhal Grande,4581.0,121017.078125,26417.16992188
RIO GRANDE DO SUL,RS,SUL,Nova Santa Rita,22818.0,387144.1875,16966.609375
RIO GRANDE DO SUL,RS,SUL,Candiota,8576.0,246858.09375,28784.75976562
RIO GRANDE DO SUL,RS,SUL,Estação,6253.0,111788.109375,17877.51953125
RIO GRANDE DO SUL,RS,SUL,Lagoa Bonita do Sul,2759.0,40239.54296875,14584.83007812
RIO GRANDE DO SUL,RS,SUL,Boa Vista do Incra,2583.0,73120.8984375,28308.51953125
RIO GRANDE DO SUL,RS,SUL,Ametista do Sul,8538.0,53460.91015625,6261.52978516
RIO GRANDE DO SUL,RS,SUL,Mata,5386.0,50877.265625,9446.20996094
RIO GRANDE DO SUL,RS,SUL,Porto Alegre,1436123.0,37787912.0,26312.44921875
RIO GRANDE DO SUL,RS,SUL,Ubiretama,2451.0,35365.5703125,14429.04003906
RIO GRANDE DO SUL,RS,SUL,Ibiaçá,4796.0,86526.078125,18041.30078125
RIO GRANDE DO SUL,RS,SUL,Gaurama,6232.0,95305.984375,15293.0
RIO GRANDE DO SUL,RS,SUL,São Leopoldo,211663.0,3302153.0,15600.99023438
RIO GRANDE DO SUL,RS,SUL,Canoas,332056.0,16444476.0,49523.19921875
RIO GRANDE DO SUL,RS,SUL,Três Forquilhas,3128.0,26717.39453125,8541.37011719
RIO GRANDE DO SUL,RS,SUL,Barão do Triunfo,7246.0,70817.5625,9773.33007812
RIO GRANDE DO SUL,RS,SUL,Senador Salgado Filho,2940.0,45900.67578125,15612.46972656
RIO GRANDE DO SUL,RS,SUL,Amaral Ferrador,6602.0,61648.3125,9337.8203125
RIO GRANDE DO SUL,RS,SUL,Toropi,3138.0,33232.0625,10590.20019531
RIO GRANDE DO SUL,RS,SUL,Tiradentes do Sul,6991.0,63663.21875,9106.45019531
RIO GRANDE DO SUL,RS,SUL,Doutor Maurício Cardoso,5424.0,87776.3203125,16182.95019531
RIO GRANDE DO SUL,RS,SUL,Itapuca,2465.0,30261.02734375,12276.28027344
RIO GRANDE DO SUL,RS,SUL,Centenário,3100.0,34176.51953125,11024.6796875
RIO GRANDE DO SUL,RS,SUL,Poço das Antas,2098.0,25569.375,12187.5
RIO GRANDE DO SUL,RS,SUL,Cotiporã,4887.0,91603.8125,18744.390625
RIO GRANDE DO SUL,RS,SUL,Pirapó,2979.0,29192.28320312,9799.36035156
RIO GRANDE DO SUL,RS,SUL,Barra do Quaraí,3873.0,108110.9609375,27914.00976562
RIO GRANDE DO SUL,RS,SUL,Nova Alvorada,3258.0,74690.0625,22925.13085938
RIO GRANDE DO SUL,RS,SUL,Morro Redondo,6477.0,67334.1640625,10395.88964844
RIO GRANDE DO SUL,RS,SUL,Horizontina,19131.0,531785.875,27797.08007812
RIO GRANDE DO SUL,RS,SUL,Ernestina,3094.0,60428.63671875,19530.91015625
RIO GRANDE DO SUL,RS,SUL,São José dos Ausentes,3314.0,100045.2109375,30188.66015625
RIO GRANDE DO SUL,RS,SUL,Santo Antônio das Missões,12016.0,150622.046875,12535.12011719
RIO GRANDE DO SUL,RS,SUL,Esmeralda,3383.0,60363.6640625,17843.24023438
RIO GRANDE DO SUL,RS,SUL,Cachoeirinha,118089.0,3224373.75,27304.609375
RIO GRANDE DO SUL,RS,SUL,Dona Francisca,3593.0,40484.5625,11267.62011719
RIO GRANDE DO SUL,RS,SUL,Hulha Negra,6448.0,92290.2734375,14313.00976562
RIO GRANDE DO SUL,RS,SUL,Mampituba,2972.0,27385.796875,9214.59960938
RIO GRANDE DO SUL,RS,SUL,Tapes,17216.0,199885.421875,11610.45019531
RIO GRANDE DO SUL,RS,SUL,Arambaré,3929.0,72357.953125,18416.38085938
RIO GRANDE DO SUL,RS,SUL,Tavares,5283.0,59011.0859375,11170.0
RIO GRANDE DO SUL,RS,SUL,Balneário Pinhal,11840.0,96947.640625,8188.14990234
RIO GRANDE DO SUL,RS,SUL,Barra do Rio Azul,1978.0,28652.81054688,14485.75
RIO GRANDE DO SUL,RS,SUL,São Vicente do Sul,8659.0,110058.625,12710.3203125
RIO GRANDE DO SUL,RS,SUL,Jaguarão,28244.0,364778.5,12915.25976562
RIO GRANDE DO SUL,RS,SUL,Faxinal do Soturno,6407.0,93779.3671875,14637.01953125
RIO GRANDE DO SUL,RS,SUL,Tucunduva,5988.0,117462.90625,19616.38085938
RIO GRANDE DO SUL,RS,SUL,Cândido Godói,6722.0,95233.1640625,14167.37988281
RIO GRANDE DO SUL,RS,SUL,Nova Pádua,2598.0,49243.48046875,18954.38085938
RIO GRANDE DO SUL,RS,SUL,Igrejinha,33551.0,690711.4375,20586.91015625
RIO GRANDE DO SUL,RS,SUL,Dom Pedrito,38767.0,680121.875,17543.83984375
RIO GRANDE DO SUL,RS,SUL,Caçapava do Sul,33060.0,407264.375,12318.95019531
RIO GRANDE DO SUL,RS,SUL,Novo Xingu,1926.0,21380.43359375,11100.95019531
RIO GRANDE DO SUL,RS,SUL,Vitória das Missões,3676.0,44029.72265625,11977.62011719
RORAIMA,RR,NORTE,São João da Baliza,6028.0,59372.453125,9849.45019531
RORAIMA,RR,NORTE,Pacaraima,9220.0,93442.5703125,10134.76953125
RORAIMA,RR,NORTE,Mucajaí,13188.0,146580.046875,11114.65039062
SANTA CATARINA,SC,SUL,Otacílio Costa,16587.0,364577.8125,21979.73046875
SANTA CATARINA,SC,SUL,José Boiteux,5054.0,50867.8984375,10064.87988281
SANTA CATARINA,SC,SUL,Cordilheira Alta,3531.0,128883.09375,36500.44921875
SANTA CATARINA,SC,SUL,Meleiro,7063.0,158156.390625,22392.24023438
SANTA CATARINA,SC,SUL,São José do Cerrito,10624.0,78940.25,7430.37011719
SANTA CATARINA,SC,SUL,Peritiba,2977.0,46664.69921875,15675.08007812
SANTA CATARINA,SC,SUL,Santa Cecília,15928.0,201708.875,12663.79003906
SANTA CATARINA,SC,SUL,São João do Sul,7174.0,84870.84375,11830.33984375
SANTA CATARINA,SC,SUL,Rio das Antas,6237.0,86345.3984375,13844.05957031
SANTA CATARINA,SC,SUL,Morro da Fumaça,16128.0,370818.0,22992.18945312
SANTA CATARINA,SC,SUL,Ermo,1857.0,40582.9296875,21854.02929688
SANTA CATARINA,SC,SUL,Rio do Sul,59962.0,1234667.5,20590.83007812
SANTA CATARINA,SC,SUL,Três Barras,18708.0,377119.4375,20158.18945312
SANTA CATARINA,SC,SUL,Cunha Porã,11079.0,231428.96875,20888.98046875
SANTA CATARINA,SC,SUL,Itapoá,11489.0,136989.625,11923.54980469
SANTA CATARINA,SC,SUL,Ouro Verde,2179.0,63212.0859375,29009.6796875
SANTA CATARINA,SC,SUL,Jardinópolis,1881.0,23165.56445312,12315.55957031
SANTA CATARINA,SC,SUL,Abdon Batista,2805.0,35731.484375,12738.5
SANTA CATARINA,SC,SUL,Bom Jardim da Serra,4383.0,47566.6953125,10852.54003906
SANTA CATARINA,SC,SUL,Timbó,35303.0,857392.6875,24286.6796875
SANTA CATARINA,SC,SUL,São Joaquim,25122.0,309743.09375,12329.54980469
SANTA CATARINA,SC,SUL,Palma Sola,8145.0,118605.6171875,14561.76953125
SANTA CATARINA,SC,SUL,Cunhataí,1948.0,23290.72070312,11956.21972656
SANTA CATARINA,SC,SUL,Siderópolis,12967.0,227415.109375,17537.99023438
SANTA CATARINA,SC,SUL,Barra Velha,19861.0,322263.875,16225.95996094
SANTA CATARINA,SC,SUL,Brusque,102280.0,2431683.25,23774.76953125
SANTA CATARINA,SC,SUL,São José do Cedro,14155.0,258714.359375,18277.24023438
SANTA CATARINA,SC,SUL,Bom Jesus,2427.0,58548.26171875,24123.72070312
SANTA CATARINA,SC,SUL,Santa Terezinha do Progresso,3062.0,38022.19921875,12417.44042969
SANTA CATARINA,SC,SUL,Balneário Piçarras,14845.0,237103.515625,15971.94042969
SANTA CATARINA,SC,SUL,Planalto Alegre,2767.0,29832.25390625,10781.44042969
SANTA CATARINA,SC,SUL,Petrolândia,6188.0,102293.9765625,16531.01953125
SANTA CATARINA,SC,SUL,Witmarsum,3584.0,57898.19921875,16154.62988281
SANTA CATARINA,SC,SUL,Major Vieira,7675.0,126102.9140625,16430.34960938
SANTA CATARINA,SC,SUL,Águas Frias,2641.0,56920.30078125,21552.56054688
SANTA CATARINA,SC,SUL,Modelo,3862.0,48248.37109375,12493.11035156
SANTA CATARINA,SC,SUL,Chapadão do Lageado,2882.0,47381.171875,16440.38085938
SANTA CATARINA,SC,SUL,Passo de Torres,5690.0,51858.28125,9113.9296875
SANTA CATARINA,SC,SUL,Major Gercino,2869.0,35983.98046875,12542.33984375
SANTA CATARINA,SC,SUL,Ascurra,6945.0,89889.0078125,12942.98046875
SANTA CATARINA,SC,SUL,Porto União,33408.0,281775.84375,8434.37988281
SANTA CATARINA,SC,SUL,Schroeder,14000.0,185846.4375,13274.75
SANTA CATARINA,SC,SUL,Guaramirim,31910.0,1326661.625,41575.109375
SANTA CATARINA,SC,SUL,Presidente Nereu,2324.0,34406.22265625,14804.74023438
SANTA CATARINA,SC,SUL,Apiúna,10996.0,226588.625,20606.4609375
SANTA CATARINA,SC,SUL,São José,201746.0,4193678.75,20786.91992188
SANTA CATARINA,SC,SUL,São Cristovão do Sul,5087.0,62822.234375,12349.55957031
SANTA CATARINA,SC,SUL,Camboriú,57793.0,445473.53125,7708.08984375
SANTA CATARINA,SC,SUL,Içara,57103.0,949617.0625,16629.90039062
SANTA CATARINA,SC,SUL,Monte Carlo,9144.0,94318.484375,10314.79003906
SANTA CATARINA,SC,SUL,Benedito Novo,10335.0,119515.8359375,11564.1796875
SANTA CATARINA,SC,SUL,Coronel Freitas,10520.0,165294.203125,15712.37988281
SANTA CATARINA,SC,SUL,Tigrinhos,1768.0,21709.40429688,12279.0703125
SANTA CATARINA,SC,SUL,Faxinal dos Guedes,10585.0,209834.78125,19823.7890625
SANTA CATARINA,SC,SUL,Capinzal,18996.0,579022.8125,30481.30078125
SANTA CATARINA,SC,SUL,Garopaba,16710.0,197513.6875,11820.08984375
SANTA CATARINA,SC,SUL,Águas Mornas,4503.0,53939.671875,11978.61035156
SANTA CATARINA,SC,SUL,Trombudo Central,6520.0,132319.421875,20294.390625
SANTA CATARINA,SC,SUL,Laurentino,5757.0,140022.296875,24322.08984375
SANTA CATARINA,SC,SUL,Porto Belo,14228.0,413353.3125,29052.09960938
SANTA CATARINA,SC,SUL,Blumenau,299416.0,7678830.0,25646.01953125
SANTA CATARINA,SC,SUL,Corupá,13380.0,201837.359375,15085.0
SANTA CATARINA,SC,SUL,Florianópolis,408161.0,8287890.0,20305.43945312
SANTA CATARINA,SC,SUL,Rio dos Cedros,10170.0,140995.3125,13863.84960938
SANTA CATARINA,SC,SUL,Ipumirim,7400.0,186467.6875,25198.33984375
SANTA CATARINA,SC,SUL,Luiz Alves,9506.0,207784.828125,21858.27929688
SANTA CATARINA,SC,SUL,Doutor Pedrinho,3432.0,38462.61328125,11207.05957031
SANTA CATARINA,SC,SUL,Painel,2357.0,29384.24804688,12466.79980469
SANTA CATARINA,SC,SUL,Arroio Trinta,3638.0,47939.61328125,13177.45996094
SANTA CATARINA,SC,SUL,Ibirama,17469.0,210702.828125,12061.53027344
SANTA CATARINA,SC,SUL,Jaraguá do Sul,139017.0,4697090.0,33787.87890625
SANTA CATARINA,SC,SUL,Guarujá do Sul,4870.0,97872.625,20097.05078125
SANTA CATARINA,SC,SUL,Irineópolis,10748.0,186795.125,17379.51953125
SANTA CATARINA,SC,SUL,Caibi,6392.0,100527.7578125,15727.12011719
SANTA CATARINA,SC,SUL,Gaspar,55489.0,1179397.125,21254.609375
SANTA CATARINA,SC,SUL,Taió,17522.0,304213.6875,17361.81054688
SERGIPE,SE,NORDESTE,Amparo de São Francisco,2268.0,12769.73339844,5630.39013672
SERGIPE,SE,NORDESTE,Brejo Grande,8086.0,39924.37890625,4937.47021484
SERGIPE,SE,NORDESTE,Tomar do Geru,13717.0,62506.4609375,4556.85986328
SERGIPE,SE,NORDESTE,Santana do São Francisco,6861.0,30641.17382812,4465.99023438
SERGIPE,SE,NORDESTE,Indiaroba,18126.0,86033.2578125,4746.39990234
SERGIPE,SE,NORDESTE,Poço Redondo,30249.0,138586.828125,4581.52978516
SERGIPE,SE,NORDESTE,Areia Branca,16733.0,86116.2890625,5146.49023438
SERGIPE,SE,NORDESTE,Pacatuba,12870.0,153896.0,11957.73046875
SERGIPE,SE,NORDESTE,Maruim,15582.0,157533.96875,10110.0
SERGIPE,SE,NORDESTE,Telha,2969.0,16041.54199219,5403.00976562
SERGIPE,SE,NORDESTE,Poço Verde,21882.0,98134.265625,4484.70019531
SERGIPE,SE,NORDESTE,Itabaiana,86564.0,665967.625,7693.35986328
SERGIPE,SE,NORDESTE,São Domingos,10555.0,49973.58984375,4734.58984375
SERGIPE,SE,NORDESTE,Japoatã,14027.0,77486.8359375,5524.12011719
SERGIPE,SE,NORDESTE,Santo Amaro das Brotas,12140.0,67334.578125,5546.50976562
SERGIPE,SE,NORDESTE,Canhoba,4025.0,21683.1015625,5387.10986328
SERGIPE,SE,NORDESTE,Macambira,6554.0,29790.82617188,4545.43994141
SERGIPE,SE,NORDESTE,Campo do Brito,16745.0,83699.1015625,4998.45019531
SERGIPE,SE,NORDESTE,Nossa Senhora das Dores,24747.0,144145.140625,5824.75
SERGIPE,SE,NORDESTE,Siriri,7946.0,77082.734375,9700.8203125
SERGIPE,SE,NORDESTE,São Francisco,3007.0,16125.22753906,5362.56005859
TOCANTINS,TO,NORTE,Ananás,9514.0,59541.40625,6258.29003906
TOCANTINS,TO,NORTE,Oliveira de Fátima,1129.0,11591.94921875,10267.45019531
TOCANTINS,TO,NORTE,Aliança do Tocantins,5822.0,44565.703125,7654.70996094
TOCANTINS,TO,NORTE,Lagoa da Confusão,8711.0,263527.4375,30252.25976562
TOCANTINS,TO,NORTE,Buriti do Tocantins,8454.0,39691.9453125,4695.04980469
TOCANTINS,TO,NORTE,Sucupira,1741.0,29328.91796875,16846.01953125
TOCANTINS,TO,NORTE,Novo Jardim,2525.0,21134.14648438,8369.95996094
TOCANTINS,TO,NORTE,Angico,3300.0,19860.26953125,6018.25976562
TOCANTINS,TO,NORTE,Palmeirópolis,8492.0,63415.48046875,7467.66992188
TOCANTINS,TO,NORTE,Santa Fé do Araguaia,5795.0,59609.5390625,10286.37011719
TOCANTINS,TO,NORTE,Formoso do Araguaia,18719.0,251944.96875,13459.3203125
TOCANTINS,TO,NORTE,Paranã,10824.0,63521.6015625,5868.58984375
TOCANTINS,TO,NORTE,Crixás do Tocantins,1289.0,20361.1640625,15796.08984375
TOCANTINS,TO,NORTE,Pedro Afonso,10758.0,219720.21875,20423.890625
TOCANTINS,TO,NORTE,Centenário,2485.0,17933.32617188,7216.62988281
TOCANTINS,TO,NORTE,Santa Tereza do Tocantins,2390.0,16738.83203125,7003.70019531
TOCANTINS,TO,NORTE,Dois Irmãos do Tocantins,7254.0,57289.5703125,7897.64990234
TOCANTINS,TO,NORTE,Porto Nacional,46722.0,487393.9375,10431.79003906
TOCANTINS,TO,NORTE,Colinas do Tocantins,30666.0,243218.171875,7931.20019531
TOCANTINS,TO,NORTE,Presidente Kennedy,3784.0,56594.68359375,14956.30957031
TOCANTINS,TO,NORTE,São Valério,5017.0,46077.2265625,9184.21972656
TOCANTINS,TO,NORTE,Miracema do Tocantins,19740.0,560943.5625,28416.59960938
TOCANTINS,TO,NORTE,Filadélfia,7978.0,58334.25390625,7311.89013672
TOCANTINS,TO,NORTE,Almas,7605.0,40679.22265625,5349.00976562
TOCANTINS,TO,NORTE,Santa Rita do Tocantins,2377.0,32751.5625,13778.53027344
TOCANTINS,TO,NORTE,Luzinópolis,2959.0,16670.63671875,5633.87011719
TOCANTINS,TO,NORTE,Esperantina,8445.0,39419.8515625,4667.83007812
TOCANTINS,TO,NORTE,Pequizeiro,4971.0,39278.328125,7901.49023438
TOCANTINS,TO,NORTE,Xambioá,11099.0,117627.1328125,10597.99023438
TOCANTINS,TO,NORTE,Divinópolis do Tocantins,6623.0,49289.7421875,7442.20996094
TOCANTINS,TO,NORTE,Dueré,4618.0,69654.3359375,15083.23046875
TOCANTINS,TO,NORTE,Recursolândia,3839.0,22405.10351562,5836.18017578
TOCANTINS,TO,NORTE,Pau D'arco,4964.0,36173.8828125,7287.24023438
TOCANTINS,TO,NORTE,Itapiratins,3543.0,37919.55078125,10702.66992188
TOCANTINS,TO,NORTE,Araguaína,119637.0,1582446.875,13227.0703125
TOCANTINS,TO,NORTE,Chapada de Areia,1273.0,11322.53808594,8894.37011719
TOCANTINS,TO,NORTE,Silvanópolis,5299.0,57763.875,10900.90039062
TOCANTINS,TO,NORTE,Carrasco Bonito,3428.0,17363.93945312,5065.33007812
TOCANTINS,TO,NORTE,Augustinópolis,15469.0,88066.859375,5693.12011719
TOCANTINS,TO,NORTE,Taipas do Tocantins,1999.0,11962.875,5984.43017578
TOCANTINS,TO,NORTE,Tocantinópolis,21826.0,124657.0,5711.39990234
TOCANTINS,TO,NORTE,Juarina,2185.0,16428.97851562,7518.97998047
TOCANTINS,TO,NORTE,Ponte Alta do Tocantins,6818.0,46223.703125,6779.66015625
TOCANTINS,TO,NORTE,São Bento do Tocantins,4666.0,21279.5,4560.54003906
TOCANTINS,TO,NORTE,Tocantínia,6971.0,28673.05273438,4113.18994141
TOCANTINS,TO,NORTE,Bernardo Sayão,4653.0,50220.328125,10793.11035156
TOCANTINS,TO,NORTE,Cristalândia,6628.0,60872.33984375,9184.12011719
TOCANTINS,TO,NORTE,Combinado,5070.0,35322.8828125,6967.04003906
TOCANTINS,TO,NORTE,Ponte Alta do Bom Jesus,4664.0,25679.44921875,5505.89013672
TOCANTINS,TO,NORTE,Gurupi,74357.0,934583.625,12568.87011719
MINAS GERAIS,MG,SUDESTE,Jacutinga,21424.0,247816.0,11567.20996094
MINAS GERAIS,MG,SUDESTE,Pedra Azul,26000.0,187523.671875,7212.45019531
MINAS GERAIS,MG,SUDESTE,Santo Antônio do Retiro,7087.0,25568.890625,3607.86010742
MINAS GERAIS,MG,SUDESTE,Sericita,7345.0,39047.0703125,5316.14013672
MINAS GERAIS,MG,SUDESTE,Diamantina,46372.0,287632.03125,6202.70996094
MINAS GERAIS,MG,SUDESTE,Cedro do Abaeté,1221.0,10221.85644531,8371.70996094
MINAS GERAIS,MG,SUDESTE,Nova Lima,76608.0,2120726.75,27682.83984375
MINAS GERAIS,MG,SUDESTE,Igarapé,33773.0,277495.78125,8216.5
MINAS GERAIS,MG,SUDESTE,Santa Maria do Suaçuí,14931.0,71374.390625,4780.27978516
MINAS GERAIS,MG,SUDESTE,Catas Altas da Noruega,3573.0,14633.55566406,4095.59008789
MINAS GERAIS,MG,SUDESTE,Pouso Alto,6494.0,80420.0546875,12383.75
MINAS GERAIS,MG,SUDESTE,Campanha,15949.0,145911.328125,9148.62011719
MINAS GERAIS,MG,SUDESTE,Orizânia,7078.0,32101.34765625,4535.37011719
MINAS GERAIS,MG,SUDESTE,Brasópolis,14756.0,105255.1484375,7133.04003906
MINAS GERAIS,MG,SUDESTE,Leme do Prado,5145.0,22865.88476562,4444.29003906
MINAS GERAIS,MG,SUDESTE,Rio Vermelho,15343.0,62241.30078125,4056.65991211
MINAS GERAIS,MG,SUDESTE,Imbé de Minas,6641.0,38283.34375,5764.70019531
MINAS GERAIS,MG,SUDESTE,Douradoquara,1924.0,23141.8359375,12027.98046875
MINAS GERAIS,MG,SUDESTE,Piranguçu,5319.0,34538.80859375,6493.47998047
MINAS GERAIS,MG,SUDESTE,São João Evangelista,16254.0,81616.9921875,5021.35009766
MINAS GERAIS,MG,SUDESTE,Ewbank da Câmara,3676.0,19510.05859375,5307.41992188
MINAS GERAIS,MG,SUDESTE,Viçosa,74171.0,599764.125,8086.22998047
MINAS GERAIS,MG,SUDESTE,Ubaporanga,12561.0,69659.015625,5545.66015625
MINAS GERAIS,MG,SUDESTE,Campo do Meio,11871.0,83806.1875,7059.74023438
MINAS GERAIS,MG,SUDESTE,Aricanduva,5140.0,23447.10742188,4561.68994141
MINAS GERAIS,MG,SUDESTE,Catuti,5473.0,22031.84960938,4025.55004883
MINAS GERAIS,MG,SUDESTE,Inhapim,24952.0,150295.234375,6023.37011719
MINAS GERAIS,MG,SUDESTE,Serra Azul de Minas,4479.0,17296.31054688,3861.64990234
MINAS GERAIS,MG,SUDESTE,Passa-Vinte,2132.0,12662.79980469,5939.39990234
MINAS GERAIS,MG,SUDESTE,Juruaia,8684.0,72658.75,8366.96972656
MINAS GERAIS,MG,SUDESTE,Araújos,7692.0,61315.7109375,7971.35986328
MINAS GERAIS,MG,SUDESTE,São Sebastião do Oeste,5689.0,141371.28125,24849.9296875
MINAS GERAIS,MG,SUDESTE,Santos Dumont,47244.0,563264.25,11922.45019531
MINAS GERAIS,MG,SUDESTE,Congonhal,10261.0,89204.5078125,8693.54980469
MINAS GERAIS,MG,SUDESTE,Silveirânia,2193.0,14646.60546875,6678.79980469
MINAS GERAIS,MG,SUDESTE,São Romão,9713.0,52772.86328125,5433.22021484
MINAS GERAIS,MG,SUDESTE,São João das Missões,11267.0,35754.640625,3173.38989258
MINAS GERAIS,MG,SUDESTE,Lima Duarte,16494.0,117942.3671875,7150.62011719
MINAS GERAIS,MG,SUDESTE,Comercinho,8637.0,40922.234375,4738.02001953
MINAS GERAIS,MG,SUDESTE,Cordislândia,3743.0,34203.63671875,9138.03027344
MINAS GERAIS,MG,SUDESTE,Santa Helena de Minas,6126.0,24735.28125,4037.75
MINAS GERAIS,MG,SUDESTE,Leopoldina,51545.0,510692.75,9907.70996094
MINAS GERAIS,MG,SUDESTE,Machado,39509.0,624136.0,15797.30957031
MINAS GERAIS,MG,SUDESTE,Coroaci,11131.0,55665.796875,5000.97021484
MINAS GERAIS,MG,SUDESTE,Rubim,9855.0,50577.96484375,5132.20996094
MINAS GERAIS,MG,SUDESTE,Patrocínio do Muriaé,5613.0,30995.88867188,5522.16015625
MINAS GERAIS,MG,SUDESTE,Conceição do Pará,4866.0,114920.3671875,23617.00976562
MINAS GERAIS,MG,SUDESTE,Capitão Enéas,14830.0,170824.125,11518.8203125
MINAS GERAIS,MG,SUDESTE,Nova Serrana,67967.0,619228.5625,9110.71972656
MINAS GERAIS,MG,SUDESTE,Pedro Leopoldo,59064.0,865962.75,14661.4296875
MINAS GERAIS,MG,SUDESTE,Rio Espera,6728.0,28883.20703125,4292.99023438
MINAS GERAIS,MG,SUDESTE,Guarani,10049.0,78912.1640625,7852.74023438
MINAS GERAIS,MG,SUDESTE,Aguanil,4315.0,29883.59179688,6925.50976562
MINAS GERAIS,MG,SUDESTE,Ribeirão das Neves,349307.0,1712842.5,4903.54003906
MINAS GERAIS,MG,SUDESTE,Itutinga,4165.0,55648.8046875,13361.05957031
MINAS GERAIS,MG,SUDESTE,Sabará,126195.0,1005070.625,7964.43017578
MINAS GERAIS,MG,SUDESTE,São Geraldo do Baixio,3461.0,21757.00390625,6286.33007812
MINAS GERAIS,MG,SUDESTE,Lagoa Santa,48213.0,672530.5,13949.15039062
MINAS GERAIS,MG,SUDESTE,Senador Cortes,2082.0,14030.48046875,6738.93994141
MINAS GERAIS,MG,SUDESTE,Nepomuceno,25152.0,233659.203125,9289.88964844
MINAS GERAIS,MG,SUDESTE,Brás Pires,4615.0,20628.4296875,4469.87011719
MINAS GERAIS,MG,SUDESTE,Monte Azul,22838.0,94946.1875,4157.37988281
MINAS GERAIS,MG,SUDESTE,Tupaciguara,23841.0,294354.84375,12346.58007812
MINAS GERAIS,MG,SUDESTE,Sacramento,23112.0,527058.9375,22804.56054688
MINAS GERAIS,MG,SUDESTE,Jequitaí,8117.0,44734.484375,5511.20996094
MINAS GERAIS,MG,SUDESTE,Águas Formosas,19310.0,92617.0078125,4796.31982422
MINAS GERAIS,MG,SUDESTE,Pompéu,29929.0,387824.65625,12958.16015625
MINAS GERAIS,MG,SUDESTE,Veríssimo,3991.0,77581.65625,19439.15039062
MINAS GERAIS,MG,SUDESTE,Cachoeira da Prata,3936.0,29977.31835938,7616.18994141
MINAS GERAIS,MG,SUDESTE,São Gonçalo do Pará,11246.0,77404.9296875,6882.89013672
MINAS GERAIS,MG,SUDESTE,Caraí,22392.0,80639.375,3601.26000977
MINAS GERAIS,MG,SUDESTE,Resplendor,17608.0,154419.015625,8769.8203125
MINAS GERAIS,MG,SUDESTE,Seritinga,1818.0,13994.18945312,7697.56982422
MINAS GERAIS,MG,SUDESTE,Taparuba,3357.0,18789.33203125,5597.06005859
MINAS GERAIS,MG,SUDESTE,Machacalis,7069.0,37748.45703125,5340.0
MINAS GERAIS,MG,SUDESTE,Consolação,1750.0,10992.83691406,6281.62011719
MINAS GERAIS,MG,SUDESTE,Muzambinho,20426.0,217759.796875,10660.91015625
MINAS GERAIS,MG,SUDESTE,Cascalho Rico,2938.0,33284.22265625,11328.87011719
MINAS GERAIS,MG,SUDESTE,Lontra,8332.0,29653.39257812,3558.97998047
MINAS GERAIS,MG,SUDESTE,Itapecerica,21200.0,155813.703125,7349.70019531
MINAS GERAIS,MG,SUDESTE,Recreio,10538.0,59628.3125,5658.41015625
MINAS GERAIS,MG,SUDESTE,Mantena,27580.0,191780.390625,6953.60009766
MINAS GERAIS,MG,SUDESTE,Wenceslau Braz,2571.0,16090.56835938,6258.49023438
MINAS GERAIS,MG,SUDESTE,Dores de Campos,9821.0,79840.859375,8129.60986328
MINAS GERAIS,MG,SUDESTE,Malacacheta,18181.0,88030.6015625,4841.89990234
MINAS GERAIS,MG,SUDESTE,Rio Novo,9300.0,54647.140625,5876.04003906
MINAS GERAIS,MG,SUDESTE,Açucena,11409.0,52611.05078125,4611.35986328
MINAS GERAIS,MG,SUDESTE,Várzea da Palma,36314.0,602603.0625,16594.23046875
MINAS GERAIS,MG,SUDESTE,Natércia,4773.0,46966.2890625,9839.99023438
MINAS GERAIS,MG,SUDESTE,São José da Safira,4069.0,18445.08789062,4533.08007812
MINAS GERAIS,MG,SUDESTE,São Félix de Minas,3484.0,19402.95703125,5569.16015625
MINAS GERAIS,MG,SUDESTE,Tapiraí,1888.0,28785.10546875,15246.34960938
MINAS GERAIS,MG,SUDESTE,Vargem Grande do Rio Pardo,4924.0,21605.60546875,4387.81982422
MINAS GERAIS,MG,SUDESTE,Careaçu,6286.0,56834.83203125,9041.49023438
MINAS GERAIS,MG,SUDESTE,São Lourenço,42688.0,370494.4375,8679.12011719
MINAS GERAIS,MG,SUDESTE,Chapada Gaúcha,11368.0,72452.359375,6373.35986328
MINAS GERAIS,MG,SUDESTE,Vermelho Novo,4698.0,25643.0078125,5458.27978516
MINAS GERAIS,MG,SUDESTE,São João do Oriente,8128.0,47056.51171875,5789.43017578
MINAS GERAIS,MG,SUDESTE,Guapé,13475.0,110514.640625,8201.45996094
MINAS GERAIS,MG,SUDESTE,Sardoá,5477.0,23739.77929688,4334.45019531
MINAS GERAIS,MG,SUDESTE,Campo Azul,4020.0,20342.54492188,5060.33007812
MINAS GERAIS,MG,SUDESTE,Nova Porteirinha,7597.0,64863.109375,8537.99023438
MINAS GERAIS,MG,SUDESTE,Juiz de Fora,526706.0,7423138.0,14093.50976562
MINAS GERAIS,MG,SUDESTE,Bueno Brandão,11212.0,95530.296875,8520.36035156
MINAS GERAIS,MG,SUDESTE,Carmo do Rio Claro,20070.0,202915.625,10110.40039062
MINAS GERAIS,MG,SUDESTE,Varzelândia,19771.0,78314.7890625,3961.09008789
MINAS GERAIS,MG,SUDESTE,Silvianópolis,6261.0,61481.84765625,9819.80957031
MINAS GERAIS,MG,SUDESTE,Mercês,10902.0,54027.89453125,4955.77978516
MINAS GERAIS,MG,SUDESTE,Morada Nova de Minas,8750.0,76796.5234375,8776.75
MINAS GERAIS,MG,SUDESTE,Nova Belém,3532.0,27054.96875,7659.95996094
MINAS GERAIS,MG,SUDESTE,Nazareno,8096.0,90727.484375,11206.45996094
MINAS GERAIS,MG,SUDESTE,Coronel Xavier Chaves,3303.0,26762.91796875,8102.60986328
MINAS GERAIS,MG,SUDESTE,Desterro do Melo,3302.0,20436.48242188,6189.12011719
MINAS GERAIS,MG,SUDESTE,Guimarânia,7322.0,77487.75,10582.87011719
MINAS GERAIS,MG,SUDESTE,Caranaíba,3553.0,17252.89257812,4855.87011719
MINAS GERAIS,MG,SUDESTE,Rodeiro,6589.0,83837.4140625,12723.83984375
MINAS GERAIS,MG,SUDESTE,Paraisópolis,18844.0,275498.9375,14619.98046875
MINAS GERAIS,MG,SUDESTE,Rochedo de Minas,2137.0,16518.8828125,7729.93994141
MINAS GERAIS,MG,SUDESTE,Engenheiro Navarro,7315.0,36794.828125,5030.04980469
MINAS GERAIS,MG,SUDESTE,Raul Soares,24606.0,150141.8125,6101.83984375
MINAS GERAIS,MG,SUDESTE,Pescador,4197.0,26321.71875,6271.56005859
MINAS GERAIS,MG,SUDESTE,Cabeceira Grande,6600.0,130424.5234375,19761.2890625
MINAS GERAIS,MG,SUDESTE,Senhora de Oliveira,5873.0,30052.00976562,5116.97998047
MINAS GERAIS,MG,SUDESTE,Presidente Olegário,18989.0,244568.890625,12879.5
MINAS GERAIS,MG,SUDESTE,Heliodora,6295.0,56588.3671875,8989.41992188
MINAS GERAIS,MG,SUDESTE,Cordisburgo,9465.0,64878.32421875,6854.54980469
MINAS GERAIS,MG,SUDESTE,Guanhães,30638.0,258099.421875,8424.16015625
MINAS GERAIS,MG,SUDESTE,Gouveia,11927.0,77429.0859375,6491.91992188
MINAS GERAIS,MG,SUDESTE,Itanhandu,15253.0,181915.40625,11926.53027344
MINAS GERAIS,MG,SUDESTE,Novo Cruzeiro,31319.0,112729.171875,3599.38989258
MINAS GERAIS,MG,SUDESTE,Pará de Minas,84264.0,1348007.875,15997.44042969
MINAS GERAIS,MG,SUDESTE,São Tiago,10645.0,69510.375,6529.85986328
MINAS GERAIS,MG,SUDESTE,Cruzeiro da Fortaleza,3897.0,47836.796875,12275.29003906
MINAS GERAIS,MG,SUDESTE,Ingaí,2580.0,33600.8828125,13023.59960938
MINAS GERAIS,MG,SUDESTE,Munhoz,6419.0,53477.828125,8331.1796875
MINAS GERAIS,MG,SUDESTE,Serranos,2130.0,15636.30761719,7340.99023438
MINAS GERAIS,MG,SUDESTE,Monjolos,2311.0,19219.6640625,8316.59960938
MINAS GERAIS,MG,SUDESTE,Quartel Geral,3353.0,37022.59375,11041.62988281
MINAS GERAIS,MG,SUDESTE,Goiabeira,3239.0,18610.78320312,5745.83984375
MINAS GERAIS,MG,SUDESTE,Jaboticatubas,16513.0,94075.4296875,5697.04980469
MINAS GERAIS,MG,SUDESTE,Divinolândia de Minas,7023.0,31904.875,4542.91015625
MINAS GERAIS,MG,SUDESTE,Delfim Moreira,8047.0,44194.08984375,5492.0
MINAS GERAIS,MG,SUDESTE,São Gonçalo do Rio Preto,3269.0,16782.6171875,5133.87011719
MINAS GERAIS,MG,SUDESTE,Frei Gaspar,6649.0,35063.94140625,5273.56982422
MINAS GERAIS,MG,SUDESTE,Marilac,4394.0,25136.25195312,5720.58984375
MINAS GERAIS,MG,SUDESTE,Funilândia,3852.0,27009.6640625,7011.85009766
MINAS GERAIS,MG,SUDESTE,Três Corações,75776.0,1344211.5,17739.27929688
MINAS GERAIS,MG,SUDESTE,Itaipé,12072.0,52865.796875,4379.20996094
MINAS GERAIS,MG,SUDESTE,Mendes Pimentel,6684.0,36886.0078125,5518.54980469
MINAS GERAIS,MG,SUDESTE,São João do Manteninha,5132.0,29055.21289062,5661.58007812
MINAS GERAIS,MG,SUDESTE,Arcos,36455.0,482077.875,13223.91992188
MINAS GERAIS,MG,SUDESTE,Iraí de Minas,6605.0,94414.4609375,14294.38964844
MINAS GERAIS,MG,SUDESTE,Mesquita,6641.0,27821.90820312,4189.41992188
MINAS GERAIS,MG,SUDESTE,São José da Varginha,4070.0,49623.1796875,12192.4296875
MINAS GERAIS,MG,SUDESTE,União de Minas,4735.0,90277.6328125,19066.02929688
MINAS GERAIS,MG,SUDESTE,Pedra Dourada,2241.0,14989.85351562,6688.91015625
MINAS GERAIS,MG,SUDESTE,Taquaraçu de Minas,3950.0,28968.6796875,7333.83984375
MINAS GERAIS,MG,SUDESTE,Fernandes Tourinho,2713.0,18352.87109375,6764.79003906
MINAS GERAIS,MG,SUDESTE,Ataléia,15162.0,84267.8125,5557.83007812
MINAS GERAIS,MG,SUDESTE,Campos Gerais,27964.0,240981.671875,8617.5703125
MINAS GERAIS,MG,SUDESTE,Perdões,20228.0,238754.328125,11803.16015625
MINAS GERAIS,MG,SUDESTE,Cláudio,25938.0,260494.40625,10042.95996094
MINAS GERAIS,MG,SUDESTE,Pedralva,11351.0,80380.046875,7081.31982422
MINAS GERAIS,MG,SUDESTE,São João do Paraíso,22782.0,97728.765625,4289.74023438
MINAS GERAIS,MG,SUDESTE,Delfinópolis,6954.0,101209.515625,14554.13964844
MINAS GERAIS,MG,SUDESTE,Fruta de Leite,6426.0,28000.19335938,4357.33007812
MINAS GERAIS,MG,SUDESTE,Iturama,33231.0,561480.75,16896.2890625
MINAS GERAIS,MG,SUDESTE,Cantagalo,4132.0,20845.33789062,5044.85009766
MINAS GERAIS,MG,SUDESTE,Bertópolis,4780.0,25044.66210938,5239.47021484
MINAS GERAIS,MG,SUDESTE,São João da Mata,2981.0,25577.03710938,8580.01953125
MINAS GERAIS,MG,SUDESTE,Coqueiral,9747.0,90365.3359375,9271.08984375
MINAS GERAIS,MG,SUDESTE,Guarará,4114.0,25999.40429688,6319.74023438
MINAS GERAIS,MG,SUDESTE,Cássia,17587.0,189470.96875,10773.34960938
MINAS GERAIS,MG,SUDESTE,Monsenhor Paulo,7582.0,91459.2890625,12062.69042969
MINAS GERAIS,MG,SUDESTE,Centralina,10557.0,97284.4921875,9215.16015625
MINAS GERAIS,MG,SUDESTE,Santana de Pirapama,8820.0,58472.24609375,6629.50976562
MINAS GERAIS,MG,SUDESTE,Barra Longa,7050.0,37351.96875,5298.14990234
MINAS GERAIS,MG,SUDESTE,Fama,2259.0,24727.68554688,10946.29980469
MINAS GERAIS,MG,SUDESTE,Caratinga,85472.0,684352.375,8006.74023438
MINAS GERAIS,MG,SUDESTE,Ervália,18855.0,114948.84375,6096.45996094
MINAS GERAIS,MG,SUDESTE,Jequitinhonha,25060.0,117934.671875,4706.08984375
MINAS GERAIS,MG,SUDESTE,Jordânia,11337.0,45021.6328125,3971.20996094
MINAS GERAIS,MG,SUDESTE,Espera Feliz,21612.0,187388.671875,8670.58007812
MINAS GERAIS,MG,SUDESTE,Itueta,6074.0,43540.2421875,7168.29980469
MINAS GERAIS,MG,SUDESTE,Caetanópolis,10040.0,78357.734375,7804.56005859
MINAS GERAIS,MG,SUDESTE,Carvalhópolis,3380.0,26304.3515625,7782.35009766
MINAS GERAIS,MG,SUDESTE,Araguari,111095.0,1915200.25,17239.30078125
MINAS GERAIS,MG,SUDESTE,Araçaí,2524.0,24059.359375,9532.23046875
MINAS GERAIS,MG,SUDESTE,Janaúba,68527.0,510184.3125,7445.00976562
MINAS GERAIS,MG,SUDESTE,Bambuí,22622.0,255803.46875,11307.73046875
MINAS GERAIS,MG,SUDESTE,Água Comprida,2164.0,79914.15625,36928.91015625
MINAS GERAIS,MG,SUDESTE,Araxá,92927.0,1980481.75,21312.23046875
MINAS GERAIS,MG,SUDESTE,Unaí,78125.0,1310654.375,16776.38085938
MINAS GERAIS,MG,SUDESTE,Uberlândia,634345.0,16165950.0,25484.48046875
MINAS GERAIS,MG,SUDESTE,Carmo da Cachoeira,12061.0,115186.890625,9550.36035156
MINAS GERAIS,MG,SUDESTE,Pingo-d'Água,4201.0,20092.6015625,4782.81005859
MINAS GERAIS,MG,SUDESTE,Iguatama,7727.0,223230.46875,28889.66992188
MINAS GERAIS,MG,SUDESTE,Alto Caparaó,5312.0,47253.37890625,8895.58984375
MINAS GERAIS,MG,SUDESTE,Coronel Murta,9423.0,38242.24609375,4058.38989258
MINAS GERAIS,MG,SUDESTE,Cristina,11478.0,85793.3203125,7474.58984375
MINAS GERAIS,MG,SUDESTE,Teófilo Otoni,130517.0,1154886.25,8848.54980469
MINAS GERAIS,MG,SUDESTE,São Sebastião da Bela Vista,5193.0,54842.71875,10560.88964844
MINAS GERAIS,MG,SUDESTE,Itambacuri,23386.0,134253.15625,5740.75
MINAS GERAIS,MG,SUDESTE,Alvarenga,4545.0,22330.44921875,4913.18994141
MINAS GERAIS,MG,SUDESTE,Matias Cardoso,11037.0,87891.2890625,7963.33007812
MINAS GERAIS,MG,SUDESTE,Oliveira Fortes,1951.0,14545.58398438,7455.45019531
MINAS GERAIS,MG,SUDESTE,Rio Piracicaba,14846.0,118772.3828125,8000.29980469
MINAS GERAIS,MG,SUDESTE,Uruana de Minas,2747.0,29089.09375,10589.40039062
MINAS GERAIS,MG,SUDESTE,Alfredo Vasconcelos,6300.0,45348.81640625,7198.22998047
MINAS GERAIS,MG,SUDESTE,Vargem Bonita,2140.0,23029.76171875,10761.5703125
MINAS GERAIS,MG,SUDESTE,Itaguara,12956.0,111868.46875,8634.49023438
MINAS GERAIS,MG,SUDESTE,Madre de Deus de Minas,5173.0,53308.85546875,10305.20996094
MINAS GERAIS,MG,SUDESTE,Ibiraci,11593.0,362894.21875,31302.86914062
MINAS GERAIS,MG,SUDESTE,Santa Rita de Caldas,9333.0,101948.3046875,10923.41992188
MINAS GERAIS,MG,SUDESTE,Carrancas,4182.0,40828.19140625,9762.83984375
MINAS GERAIS,MG,SUDESTE,Belo Oriente,22555.0,467006.375,20705.23046875
MINAS GERAIS,MG,SUDESTE,Campanário,3757.0,27105.78320312,7214.74023438
MINAS GERAIS,MG,SUDESTE,Água Boa,16643.0,86572.0078125,5201.70996094
MINAS GERAIS,MG,SUDESTE,Coronel Pacheco,2427.0,21314.23242188,8782.12988281
MINAS GERAIS,MG,SUDESTE,Ibirité,157438.0,1070732.0,6800.97998047
MINAS GERAIS,MG,SUDESTE,Itamarati de Minas,4232.0,37053.9765625,8755.66992188
MINAS GERAIS,MG,SUDESTE,Albertina,2976.0,21112.73632812,7094.33007812
MINAS GERAIS,MG,SUDESTE,Rio do Prado,4412.0,26897.79492188,6096.50976562
